node_id,tipo,titulo,canal,categoria,vistas,n_autores,n_comentarios_video,channel_id,video_url,comunidad,degree,strength,betweenness,closeness,articulation,component_increase,nombre,n_videos,n_comentarios_autor,author_handle,distinct_channels,distinct_videos,comment_count,recurrent,extra_comments
UCHTGCgY2l-DQJIvlA_cpa_Q,autor,,,,,,,,,0,2,3,0.23158411788784283,0.25280112044817926,True,1,@virgiliogarcia3039,2.0,3.0,/@virgiliogarcia3039,2,2,3,True,1
UCpsKOkt5iWTbenzeuq7dsmQ,autor,,,,,,,,,7,3,3,0.21807613589848548,0.26552795031055904,True,1,@inge_vergueta,3.0,3.0,/@inge_vergueta,1,3,3,True,0
UCzZ6dDCEsLMXbc5pCFXIprw,autor,,,,,,,,,4,2,2,0.17683176422431438,0.18273340832395948,True,1,@josegil3813,2.0,2.0,/@josegil3813,1,2,2,True,0
UCylqlpsh8ENNM1LqgQ1KbxA,autor,,,,,,,,,1,2,3,0.08915268112975851,0.24793956043956042,False,0,@Jel.Awesh.M,2.0,3.0,/@Jel.Awesh.M,1,2,3,True,1
UCvcu1kR8xMYy_I1Ty-2mV2Q,autor,,,,,,,,,7,3,4,0.059705280392959484,0.17318763326226014,True,1,@hashojea7348,3.0,4.0,/@hashojea7348,1,3,4,True,1
UCjZgFEowMBrsjodqfovzdKw,autor,,,,,,,,,6,2,2,0.05789602947196071,0.13461219754723236,True,1,@franciscoflores3120,2.0,2.0,/@franciscoflores3120,2,2,2,True,0
UCbrtvygfRT6QXqWDNrOf-cA,autor,,,,,,,,,7,2,2,0.03229635693819075,0.17165046491969568,False,0,@Alejandro00710,2.0,2.0,/@Alejandro00710,1,2,2,True,0
UCdFlugHJJa4l3YqWuNRmvXw,autor,,,,,,,,,15,2,2,0.03186246418338109,0.17607847387817038,True,1,@MarcosCarillo-b1r,2.0,2.0,/@MarcosCarillo-b1r,2,2,2,True,0
UCsUCN0Yq_UyTvKjOJLmNrnQ,autor,,,,,,,,,8,2,2,0.03186246418338109,0.22487541528239202,True,1,@moisesvaldez4043,2.0,2.0,/@moisesvaldez4043,2,2,2,True,0
UC-HeUTT6_g-VoiWds2a4H-w,autor,,,,,,,,,2,1,1,0.0,0.1326122448979592,False,0,@JorgeMunoz-gd9et,1.0,1.0,/@JorgeMunoz-gd9et,1,1,1,False,0
UC-Iul5tDYH_oiAMXQH-KaaQ,autor,,,,,,,,,2,1,1,0.0,0.1326122448979592,False,0,@AlbertoMancilla-p9h,1.0,1.0,/@AlbertoMancilla-p9h,1,1,1,False,0
UC-QOpE7GOxlXcHZ8b7HbQKA,autor,,,,,,,,,5,1,2,0.0,0.026448979591836733,False,0,@mariaalexander427,1.0,2.0,/@mariaalexander427,1,1,2,True,1
UC-fiZBS5Gp1eCJd9ucgWnCg,autor,,,,,,,,,1,1,1,0.0,0.17422779922779924,False,0,@Tommii.10,1.0,1.0,/@Tommii.10,1,1,1,False,0
UC-hfX8J5JPJ-dfuakzegMLA,autor,,,,,,,,,0,1,1,0.0,0.22186561048893746,False,0,@normaleticiaorozcojuarez2418,1.0,1.0,/@normaleticiaorozcojuarez2418,1,1,1,False,0
UC-jS_kA9w-OmpupXDx156Rg,autor,,,,,,,,,0,1,1,0.0,0.22186561048893746,False,0,@simoncreyesc7579,1.0,1.0,/@simoncreyesc7579,1,1,1,False,0
UC-pNP6RMFuLg_-x7Ah_0kEA,autor,,,,,,,,,0,1,1,0.0,0.22186561048893746,False,0,@almacatalan2717,1.0,1.0,/@almacatalan2717,1,1,1,False,0
UC094EFEmMSdwVa8NQjjYBXg,autor,,,,,,,,,8,1,1,0.0,0.14614069809283917,False,0,@CelestinoQuej-j7k,1.0,1.0,/@CelestinoQuej-j7k,1,1,1,False,0
UC0HvfEWozTHbwl_iEmJNvVA,autor,,,,,,,,,2,1,1,0.0,0.1326122448979592,False,0,@OttoPalencia-b7r,1.0,1.0,/@OttoPalencia-b7r,1,1,1,False,0
UC0RpuMwkDKJYqgKHtsJRuWQ,autor,,,,,,,,,3,1,1,0.0,0.03644314868804665,False,0,@sabinamarinaguerra3248,1.0,1.0,/@sabinamarinaguerra3248,1,1,1,False,0
UC0aEyakBPqcBkVJiErfSupQ,autor,,,,,,,,,3,1,1,0.0,0.03644314868804665,False,0,@jhonymanuel9891,1.0,1.0,/@jhonymanuel9891,1,1,1,False,0
UC14qlobYKqD-DO0j6b75lcA,autor,,,,,,,,,2,1,1,0.0,0.1326122448979592,False,0,@megavision4488,1.0,1.0,/@megavision4488,1,1,1,False,0
UC1DpqK6vaPEkBOMNvypsKYg,autor,,,,,,,,,1,1,1,0.0,0.17422779922779924,False,0,@HectorCarranza-u4j4o,1.0,1.0,/@HectorCarranza-u4j4o,1,1,1,False,0
UC1NiEdJ7gk6FlDexIalWnGg,autor,,,,,,,,,2,1,1,0.0,0.1326122448979592,False,0,@BorisTebalán,1.0,1.0,/@BorisTebal%C3%A1n,1,1,1,False,0
UC1WlJfQmaIskYhP4gmWoamw,autor,,,,,,,,,5,1,1,0.0,0.026448979591836733,False,0,@marthareiss5434,1.0,1.0,/@marthareiss5434,1,1,1,False,0
UC1Y7x3h0c95Z8kUhi-Tzaeg,autor,,,,,,,,,4,1,1,0.0,0.170640756302521,False,0,@rosadiaz9235,1.0,1.0,/@rosadiaz9235,1,1,1,False,0
UC1vr9aaMI2crB0NvwFHUeoQ,autor,,,,,,,,,0,1,1,0.0,0.22186561048893746,False,0,@JoseSimilox-p6e,1.0,1.0,/@JoseSimilox-p6e,1,1,1,False,0
UC2Y_EHWQKevubk4vOEBBFxw,autor,,,,,,,,,0,1,1,0.0,0.22186561048893746,False,0,@alfonsomorales2653,1.0,1.0,/@alfonsomorales2653,1,1,1,False,0
UC2ngpd8UBQu4gcUYy0goAtg,autor,,,,,,,,,6,1,1,0.0,0.10232426303854876,False,0,@juliohernandez7438,1.0,1.0,/@juliohernandez7438,1,1,1,False,0
UC2weSE8rpqkGMOp6StYtVfg,autor,,,,,,,,,0,1,1,0.0,0.22186561048893746,False,0,@katerynsantiago2907,1.0,1.0,/@katerynsantiago2907,1,1,1,False,0
UC32oozucwCF3q8d4m8fyOUg,autor,,,,,,,,,1,1,1,0.0,0.17422779922779924,False,0,@RauldejesusOlivagonzalez,1.0,1.0,/@RauldejesusOlivagonzalez,1,1,1,False,0
UC3E9mAgP7VoAE5mZoAexl5g,autor,,,,,,,,,0,1,1,0.0,0.22186561048893746,False,0,@EnnioAroche,1.0,1.0,/@EnnioAroche,1,1,1,False,0
UC3MYTqpQqlWBuCB7Th0e0PA,autor,,,,,,,,,0,1,1,0.0,0.22186561048893746,False,0,@isaaclopez7220,1.0,1.0,/@isaaclopez7220,1,1,1,False,0
UC3NMzdMYryaw82kPTnsaljg,autor,,,,,,,,,0,1,1,0.0,0.22186561048893746,False,0,@marisosa7832,1.0,1.0,/@marisosa7832,1,1,1,False,0
UC3UVO7pTbeYvZ3ILEyRDskQ,autor,,,,,,,,,1,1,1,0.0,0.17422779922779924,False,0,@rosaelenaargueta79,1.0,1.0,/@rosaelenaargueta79,1,1,1,False,0
UC3XTwHxygNCgjndsg-UiCQA,autor,,,,,,,,,0,1,3,0.0,0.22186561048893746,False,0,@marioajset4283,1.0,3.0,/@marioajset4283,1,1,3,True,2
UC3YpzAr7pcdKC7BVFEpYzog,autor,,,,,,,,,2,1,1,0.0,0.1326122448979592,False,0,@carmenfigueroa1232,1.0,1.0,/@carmenfigueroa1232,1,1,1,False,0
UC3iIU62XKUOWuqL8BqBzj9A,autor,,,,,,,,,8,1,1,0.0,0.14614069809283917,False,0,@antonioduarte2288,1.0,1.0,/@antonioduarte2288,1,1,1,False,0
UC3qn1yJA5PeW9rkGPatQxiw,autor,,,,,,,,,0,1,1,0.0,0.22186561048893746,False,0,@VICTOREST19,1.0,1.0,/@VICTOREST19,1,1,1,False,0
UC4Avya4kmR4Q0FrfFdBozSQ,autor,,,,,,,,,1,1,1,0.0,0.17422779922779924,False,0,@davidlima1348,1.0,1.0,/@davidlima1348,1,1,1,False,0
UC4cXueR2bKGFJV0Fk76gwmA,autor,,,,,,,,,0,1,1,0.0,0.22186561048893746,False,0,@aluxdel4792,1.0,1.0,/@aluxdel4792,1,1,1,False,0
UC4kg7zuTfqQKLd2bkZrSYBA,autor,,,,,,,,,15,1,1,0.0,0.12383747522488185,False,0,@zoilagarcia9019,1.0,1.0,/@zoilagarcia9019,1,1,1,False,0
UC4wq3DcbfaG6dtCqn8Oyu3w,autor,,,,,,,,,0,1,1,0.0,0.22186561048893746,False,0,@hugoasencio7764,1.0,1.0,/@hugoasencio7764,1,1,1,False,0
UC5H8ASmMC9WrURmzeB4ySog,autor,,,,,,,,,0,1,5,0.0,0.22186561048893746,False,0,@ManuelEdran,1.0,5.0,/@ManuelEdran,1,1,5,True,4
UC5PrBbmUlQolwqmiru7yZhw,autor,,,,,,,,,8,1,1,0.0,0.14614069809283917,False,0,@lazarochavez8269,1.0,1.0,/@lazarochavez8269,1,1,1,False,0
UC5PyGvSfFM--OVKmQ3COu6g,autor,,,,,,,,,3,1,1,0.0,0.03644314868804665,False,0,@FreddyGmez,1.0,1.0,/@FreddyGmez,1,1,1,False,0
UC5bG9nc_JV3FsNP2KseQiYw,autor,,,,,,,,,0,1,1,0.0,0.22186561048893746,False,0,@giovannirodas4836,1.0,1.0,/@giovannirodas4836,1,1,1,False,0
UC5fvhAfm89JH8eDFdvc0xYw,autor,,,,,,,,,3,1,1,0.0,0.03644314868804665,False,0,@isaidiaz2388,1.0,1.0,/@isaidiaz2388,1,1,1,False,0
UC5hvEnRUzI4Kfvwnyi4QxqQ,autor,,,,,,,,,1,1,1,0.0,0.17422779922779924,False,0,@leonelsantizo5281,1.0,1.0,/@leonelsantizo5281,1,1,1,False,0
UC5wuDq3U3vRAhOQI3D7gNdw,autor,,,,,,,,,7,1,1,0.0,0.16792433326442008,False,0,@allanreneramirezgonzalez534,1.0,1.0,/@allanreneramirezgonzalez534,1,1,1,False,0
UC63tFvbQ_hJhGDi2nbjssjw,autor,,,,,,,,,2,1,1,0.0,0.1326122448979592,False,0,@AbigailRodas-w2r,1.0,1.0,/@AbigailRodas-w2r,1,1,1,False,0
UC650pRT-OYzny3GwOH8Cgfw,autor,,,,,,,,,0,1,1,0.0,0.22186561048893746,False,0,@edvinparedesherrera7632,1.0,1.0,/@edvinparedesherrera7632,1,1,1,False,0
UC6PvO1_k5lHKGdAPo5_C6TA,autor,,,,,,,,,0,1,1,0.0,0.22186561048893746,False,0,@johnmejia992,1.0,1.0,/@johnmejia992,1,1,1,False,0
UC6Uj1FT5JjDSF8vudvDxPAA,autor,,,,,,,,,1,1,1,0.0,0.17422779922779924,False,0,@alfredoortega9264,1.0,1.0,/@alfredoortega9264,1,1,1,False,0
UC6YSZqL0vEcI-niPKIMUGfw,autor,,,,,,,,,0,1,1,0.0,0.22186561048893746,False,0,@maxwellsales885,1.0,1.0,/@maxwellsales885,1,1,1,False,0
UC6xI_MOaxajIWpoP8BH6E_Q,autor,,,,,,,,,16,1,1,0.0,0.002857142857142857,False,0,@jahirdiaz5862,1.0,1.0,/@jahirdiaz5862,1,1,1,False,0
UC72gBAtyb_VXQlYDcFrh6oQ,autor,,,,,,,,,0,1,3,0.0,0.22186561048893746,False,0,@osmanmorales3012,1.0,3.0,/@osmanmorales3012,1,1,3,True,2
UC7IMsCxfZyWN7YQo8-JYa6Q,autor,,,,,,,,,4,1,2,0.0,0.170640756302521,False,0,@Burgos68,1.0,2.0,/@Burgos68,1,1,2,True,1
UC7VUuJr9cGh845CmTvf7TlQ,autor,,,,,,,,,0,1,1,0.0,0.22186561048893746,False,0,@LuisCastillo-oz4df,1.0,1.0,/@LuisCastillo-oz4df,1,1,1,False,0
UC7dadZG7kkGYnsNu6td0FbA,autor,,,,,,,,,1,1,1,0.0,0.17422779922779924,False,0,@lesolorzano,1.0,1.0,/@lesolorzano,1,1,1,False,0
UC816IGbFCZinfYS1LRDaaHg,autor,,,,,,,,,1,1,1,0.0,0.17422779922779924,False,0,@ingenieroar,1.0,1.0,/@ingenieroar,1,1,1,False,0
UC8F2V63KZ4ZEay6opX2hAQw,autor,,,,,,,,,0,1,1,0.0,0.22186561048893746,False,0,@carmenr6311,1.0,1.0,/@carmenr6311,1,1,1,False,0
UC8G5cJONY8L9voMyBW8Eoug,autor,,,,,,,,,0,1,1,0.0,0.22186561048893746,False,0,@luisparedes-pw6qt,1.0,1.0,/@luisparedes-pw6qt,1,1,1,False,0
UC8r11yOugM2NuRfitQOxLLg,autor,,,,,,,,,0,1,1,0.0,0.22186561048893746,False,0,@cesaraugustomoralesmonroy6907,1.0,1.0,/@cesaraugustomoralesmonroy6907,1,1,1,False,0
UC8xlJWNHz1V_W6q3fbuQH8g,autor,,,,,,,,,4,1,1,0.0,0.170640756302521,False,0,@NormaLópez-v7e,1.0,1.0,/@NormaL%C3%B3pez-v7e,1,1,1,False,0
UC95PSMouTx2N5CbSq0hIyrQ,autor,,,,,,,,,1,1,1,0.0,0.17422779922779924,False,0,@lisss1908,1.0,1.0,/@lisss1908,1,1,1,False,0
UC9Wp6vL5oCU37qC3Aj94WZA,autor,,,,,,,,,8,1,1,0.0,0.14614069809283917,False,0,@ManuelSanchez-b8q2z,1.0,1.0,/@ManuelSanchez-b8q2z,1,1,1,False,0
UC9vMq1YF-e7C-VO0SHkbUTA,autor,,,,,,,,,0,1,4,0.0,0.22186561048893746,False,0,@ErvinLeonardoCarreraLatín,1.0,4.0,/@ErvinLeonardoCarreraLat%C3%ADn,1,1,4,True,3
UC9xr9QvIcDvoZNUX5f-jaZw,autor,,,,,,,,,0,1,1,0.0,0.22186561048893746,False,0,@MariaaliciaColonmorales,1.0,1.0,/@MariaaliciaColonmorales,1,1,1,False,0
UCA93ym2TXs_Ibyxb4Vcn-6Q,autor,,,,,,,,,0,1,1,0.0,0.22186561048893746,False,0,@oswaldosolis8728,1.0,1.0,/@oswaldosolis8728,1,1,1,False,0
UCAKuKvcbfnBD3kF5njNu-IA,autor,,,,,,,,,1,1,1,0.0,0.17422779922779924,False,0,@melvinlopez7096,1.0,1.0,/@melvinlopez7096,1,1,1,False,0
UCAV7QIjYhbDJaycQycM_0eQ,autor,,,,,,,,,4,1,1,0.0,0.170640756302521,False,0,@mariavail8998,1.0,1.0,/@mariavail8998,1,1,1,False,0
UCAlzM_N6xBlMYmM8EBzX86Q,autor,,,,,,,,,0,1,1,0.0,0.22186561048893746,False,0,@carlossoto3252,1.0,1.0,/@carlossoto3252,1,1,1,False,0
UCAmtbUiIrUIhikru0ZoTFig,autor,,,,,,,,,0,1,1,0.0,0.22186561048893746,False,0,@Aura-vf6dm,1.0,1.0,/@Aura-vf6dm,1,1,1,False,0
UCAxvOOHQk7dYPOajzFEVtbA,autor,,,,,,,,,6,1,2,0.0,0.10232426303854876,False,0,@ruddydepaz322,1.0,2.0,/@ruddydepaz322,1,1,2,True,1
UCB5p8a5gklc80jJItP6xTHg,autor,,,,,,,,,0,1,1,0.0,0.22186561048893746,False,0,@ernestogamboa8737,1.0,1.0,/@ernestogamboa8737,1,1,1,False,0
UCBlm80VQ4YoV3bUJR_XhkaQ,autor,,,,,,,,,5,1,2,0.0,0.026448979591836733,False,0,@rosadiaz6945,1.0,2.0,/@rosadiaz6945,1,1,2,True,1
UCBtB5dIyx-C16UN8ClUD2UA,autor,,,,,,,,,15,1,1,0.0,0.12383747522488185,False,0,@alexmonzon4257,1.0,1.0,/@alexmonzon4257,1,1,1,False,0
UCCBYcToQ2dwkd6TJh0FSyDg,autor,,,,,,,,,1,1,1,0.0,0.17422779922779924,False,0,@lidiarodriguez3493,1.0,1.0,/@lidiarodriguez3493,1,1,1,False,0
UCCUmP4PlbwgikVFpYwbtRTg,autor,,,,,,,,,7,1,1,0.0,0.12357371063441351,False,0,@alhvi,1.0,1.0,/@alhvi,1,1,1,False,0
UCCaYwkkbQGcvFoUmothVdQQ,autor,,,,,,,,,0,1,1,0.0,0.22186561048893746,False,0,@OsvaldoAguirre-l3i,1.0,1.0,/@OsvaldoAguirre-l3i,1,1,1,False,0
UCDIMztpVm7G27qBuiWuT6oQ,autor,,,,,,,,,0,1,1,0.0,0.22186561048893746,False,0,@lizardomorataya8274,1.0,1.0,/@lizardomorataya8274,1,1,1,False,0
UCDPWkUX3sNNaCx-m1dV4glA,autor,,,,,,,,,0,1,1,0.0,0.22186561048893746,False,0,@hectoroliva949,1.0,1.0,/@hectoroliva949,1,1,1,False,0
UCDQaQv0hr2SS_PO-CMEwVHg,autor,,,,,,,,,0,1,1,0.0,0.22186561048893746,False,0,@federicosaquimux1933,1.0,1.0,/@federicosaquimux1933,1,1,1,False,0
UCDUffaruH6dyUnUGwsTKpgg,autor,,,,,,,,,0,1,1,0.0,0.22186561048893746,False,0,@luisletona2842,1.0,1.0,/@luisletona2842,1,1,1,False,0
UCDftMWXQoJ6nONfY7GVOVjg,autor,,,,,,,,,0,1,1,0.0,0.22186561048893746,False,0,@luisgpacheco5858,1.0,1.0,/@luisgpacheco5858,1,1,1,False,0
UCDlr1VadSucIZgZ171pRBjQ,autor,,,,,,,,,0,1,1,0.0,0.22186561048893746,False,0,@cuabatzjj5924,1.0,1.0,/@cuabatzjj5924,1,1,1,False,0
UCDrmf9y9nLgFY5wnA2hTuGA,autor,,,,,,,,,1,1,1,0.0,0.17422779922779924,False,0,@laboratorio5528,1.0,1.0,/@laboratorio5528,1,1,1,False,0
UCEHXl4VvvVpq-_4xC5tsbhg,autor,,,,,,,,,2,1,1,0.0,0.1326122448979592,False,0,@anibalg47,1.0,1.0,/@anibalg47,1,1,1,False,0
UCEgEQmRbtL5fwr9_DqAC--g,autor,,,,,,,,,0,1,1,0.0,0.22186561048893746,False,0,@ArielRodas-g5y,1.0,1.0,/@ArielRodas-g5y,1,1,1,False,0
UCErZPJpHmLCsXs8ZWkAUupQ,autor,,,,,,,,,0,1,1,0.0,0.22186561048893746,False,0,@dorisl.garciaroche7763,1.0,1.0,/@dorisl.garciaroche7763,1,1,1,False,0
UCFFrEmn6lPYiWyElpfzTy5Q,autor,,,,,,,,,15,1,1,0.0,0.12383747522488185,False,0,@denilsonlopez4083,1.0,1.0,/@denilsonlopez4083,1,1,1,False,0
UCFOxCyF926Y9eHhMeVoWLzw,autor,,,,,,,,,3,1,1,0.0,0.03644314868804665,False,0,@arielsarc09,1.0,1.0,/@arielsarc09,1,1,1,False,0
UCFUuDARXdmmIrLppEqf-rFg,autor,,,,,,,,,0,1,1,0.0,0.22186561048893746,False,0,@allanmunoz7410,1.0,1.0,/@allanmunoz7410,1,1,1,False,0
UCFhxtoeARHPnXXPcDrOU3Xg,autor,,,,,,,,,0,1,1,0.0,0.22186561048893746,False,0,@diegoalejandrolopezmendez205,1.0,1.0,/@diegoalejandrolopezmendez205,1,1,1,False,0
UCFjudnPLoaSL1BaRuLahyHg,autor,,,,,,,,,0,1,3,0.0,0.22186561048893746,False,0,@HaroldoCastillo-rh9iw,1.0,3.0,/@HaroldoCastillo-rh9iw,1,1,3,True,2
UCFoIAE8k82D6AV-8gjjKaNg,autor,,,,,,,,,0,1,1,0.0,0.22186561048893746,False,0,@eddymunoz9789,1.0,1.0,/@eddymunoz9789,1,1,1,False,0
UCFxE8GbokBrBsPEKM1xrOjQ,autor,,,,,,,,,0,1,1,0.0,0.22186561048893746,False,0,@JuanDavila-qd7qj,1.0,1.0,/@JuanDavila-qd7qj,1,1,1,False,0
UCFybmWapGvBKcQod7cPPH9w,autor,,,,,,,,,2,1,1,0.0,0.1326122448979592,False,0,@vitalianochavez8382,1.0,1.0,/@vitalianochavez8382,1,1,1,False,0
UCGGHbtfbbe0o68etrOf0qxw,autor,,,,,,,,,1,1,1,0.0,0.17422779922779924,False,0,@karensussetteleonvargas9794,1.0,1.0,/@karensussetteleonvargas9794,1,1,1,False,0
UCGX_UbAQOXGZknv5iqklwTA,autor,,,,,,,,,4,1,1,0.0,0.170640756302521,False,0,@ronaldgarcia8522,1.0,1.0,/@ronaldgarcia8522,1,1,1,False,0
UCGZMgmM92E3njyXNe9-kjAQ,autor,,,,,,,,,5,1,1,0.0,0.026448979591836733,False,0,@pasionpornada,1.0,1.0,/@pasionpornada,1,1,1,False,0
UCGj2v6Gl5bN8NSrzJMXS-CA,autor,,,,,,,,,7,1,1,0.0,0.12227156405238597,False,0,@juliogutierrez492,1.0,1.0,/@juliogutierrez492,1,1,1,False,0
UCGm3gRBEHGRJYmtCryZLtDw,autor,,,,,,,,,8,1,1,0.0,0.14614069809283917,False,0,@JoséLopez-g6k,1.0,1.0,/@Jos%C3%A9Lopez-g6k,1,1,1,False,0
UCGqKxQS-z3NZzZF-2w338AA,autor,,,,,,,,,3,1,1,0.0,0.03644314868804665,False,0,@samuelaguilar529,1.0,1.0,/@samuelaguilar529,1,1,1,False,0
UCGzXwyCzMzGmjmCbH3Hg01Q,autor,,,,,,,,,0,1,1,0.0,0.22186561048893746,False,0,@FidelZacarias-ph7dy,1.0,1.0,/@FidelZacarias-ph7dy,1,1,1,False,0
UCHGd14aYuZZShLD73dkk6mg,autor,,,,,,,,,10,1,1,0.0,0.005142857142857143,False,0,@noemiherrera3152,1.0,1.0,/@noemiherrera3152,1,1,1,False,0
UCHMQ_lDhibZ-XZ_3fo6oxwg,autor,,,,,,,,,3,1,1,0.0,0.03644314868804665,False,0,@crislexrubi4387,1.0,1.0,/@crislexrubi4387,1,1,1,False,0
UCHbwIx9pmQuf7i-4_xO2EpA,autor,,,,,,,,,1,1,1,0.0,0.17422779922779924,False,0,@caminoseternos752,1.0,1.0,/@caminoseternos752,1,1,1,False,0
UCHhHUjaMAZ8SiXdCUCj9DkQ,autor,,,,,,,,,0,1,2,0.0,0.22186561048893746,False,0,@fredymendez1786,1.0,2.0,/@fredymendez1786,1,1,2,True,1
UCHu8x4MVkayU6VgwVKd--MQ,autor,,,,,,,,,8,1,1,0.0,0.14614069809283917,False,0,@Hernandez-i1o,1.0,1.0,/@Hernandez-i1o,1,1,1,False,0
UCIUhbSCy3-SGRe5UtqM4fzQ,autor,,,,,,,,,3,1,1,0.0,0.03644314868804665,False,0,@jeanmorales1677,1.0,1.0,/@jeanmorales1677,1,1,1,False,0
UCIXLDYqR_syskKRJy_x9W9Q,autor,,,,,,,,,6,1,1,0.0,0.10232426303854876,False,0,@carlitosramirez4739,1.0,1.0,/@carlitosramirez4739,1,1,1,False,0
UCIgoiXdIKJyUGmUoH2Lxdzg,autor,,,,,,,,,5,1,1,0.0,0.026448979591836733,False,0,@susievidal4134,1.0,1.0,/@susievidal4134,1,1,1,False,0
UCIp19h9igblA2YKfSLPDAug,autor,,,,,,,,,3,1,1,0.0,0.03644314868804665,False,0,@JoseReyes-rn6sh,1.0,1.0,/@JoseReyes-rn6sh,1,1,1,False,0
UCJp3OrVYcBorC94sKwdch_A,autor,,,,,,,,,7,1,1,0.0,0.16792433326442008,False,0,@ULJoshmg2011,1.0,1.0,/@ULJoshmg2011,1,1,1,False,0
UCJxJC56BSAX-ArD0NAb9qnQ,autor,,,,,,,,,11,1,1,0.0,0.0038095238095238095,False,0,@alfonsowilian9157,1.0,1.0,/@alfonsowilian9157,1,1,1,False,0
UCKDR0f2fu2UzWL8mBv5-BHw,autor,,,,,,,,,0,1,1,0.0,0.22186561048893746,False,0,@mireyamorales6595,1.0,1.0,/@mireyamorales6595,1,1,1,False,0
UCKVzDUqbtdSMBcexaEtMmzQ,autor,,,,,,,,,9,1,1,0.0,0.0065306122448979586,False,0,@rotorairgroup8409,1.0,1.0,/@rotorairgroup8409,1,1,1,False,0
UCL13XhnRzbGokEkCkEOb0-g,autor,,,,,,,,,0,1,2,0.0,0.22186561048893746,False,0,@raquelprado3643,1.0,2.0,/@raquelprado3643,1,1,2,True,1
UCL1MT278vSaQ83ZDkVWn1gw,autor,,,,,,,,,0,1,1,0.0,0.22186561048893746,False,0,@elmorodriguez6978,1.0,1.0,/@elmorodriguez6978,1,1,1,False,0
UCLFdHr9BEbXHkoJopbEPLZw,autor,,,,,,,,,0,1,2,0.0,0.22186561048893746,False,0,@kanterra4584,1.0,2.0,/@kanterra4584,1,1,2,True,1
UCLXYp1Cvc5DLtq5UQL5D9vw,autor,,,,,,,,,6,1,1,0.0,0.10232426303854876,False,0,@jorgecifuentes-m5g,1.0,1.0,/@jorgecifuentes-m5g,1,1,1,False,0
UCLggDc_a5HriXv7I1h02sOA,autor,,,,,,,,,0,1,2,0.0,0.22186561048893746,False,0,@guillermogonzalez5153,1.0,2.0,/@guillermogonzalez5153,1,1,2,True,1
UCLh1Kde4_vI1sTZBkTNP7RQ,autor,,,,,,,,,15,1,1,0.0,0.12383747522488185,False,0,@JoelReynoso-d4r,1.0,1.0,/@JoelReynoso-d4r,1,1,1,False,0
UCN2N_wYOw6fMwCeSzdXLPIw,autor,,,,,,,,,4,1,1,0.0,0.170640756302521,False,0,@danielantoniogonzalezflore4901,1.0,1.0,/@danielantoniogonzalezflore4901,1,1,1,False,0
UCN6qbfPSzFtjhqUDZ3Cv3CQ,autor,,,,,,,,,0,1,1,0.0,0.22186561048893746,False,0,@carlosmedranovelasquez6380,1.0,1.0,/@carlosmedranovelasquez6380,1,1,1,False,0
UCNBnKqWf4d-rS4HwJRQljmQ,autor,,,,,,,,,0,1,2,0.0,0.22186561048893746,False,0,@LE_A22,1.0,2.0,/@LE_A22,1,1,2,True,1
UCNIeXbV_mEwpa412h1aqUWw,autor,,,,,,,,,4,1,3,0.0,0.170640756302521,False,0,@juandeleon9060,1.0,3.0,/@juandeleon9060,1,1,3,True,2
UCNiMNUJvaRJb0_QLClqwVnA,autor,,,,,,,,,9,1,1,0.0,0.0065306122448979586,False,0,@Santiago.Nolasco,1.0,1.0,/@Santiago.Nolasco,1,1,1,False,0
UCNkcuy42zEwddwEcOd_HpnA,autor,,,,,,,,,0,1,1,0.0,0.22186561048893746,False,0,@vanigomez492,1.0,1.0,/@vanigomez492,1,1,1,False,0
UCNpt5CQlTzNjlAKY6CJtClQ,autor,,,,,,,,,1,1,1,0.0,0.17422779922779924,False,0,@eustaquiogomez9975,1.0,1.0,/@eustaquiogomez9975,1,1,1,False,0
UCO0zwwLWGyDgQmWPJ5Qrr1w,autor,,,,,,,,,6,1,1,0.0,0.10232426303854876,False,0,@elsalvador3605,1.0,1.0,/@elsalvador3605,1,1,1,False,0
UCOARn3hnfkB7-_Rwa8Hoqcw,autor,,,,,,,,,7,1,1,0.0,0.12227156405238597,False,0,@nicelol5241,1.0,1.0,/@nicelol5241,1,1,1,False,0
UCOLGv5Pf6BF2wFcwUzgcvHg,autor,,,,,,,,,0,1,2,0.0,0.22186561048893746,False,0,@welfrealdana5559,1.0,2.0,/@welfrealdana5559,1,1,2,True,1
UCOLHH4ZpMxPYF-Q6e6wvn5A,autor,,,,,,,,,5,1,1,0.0,0.026448979591836733,False,0,@luisroldan7374,1.0,1.0,/@luisroldan7374,1,1,1,False,0
UCOS8ViEkccrTZx2w2ccxotA,autor,,,,,,,,,0,1,1,0.0,0.22186561048893746,False,0,@OscarHernandez-q8y,1.0,1.0,/@OscarHernandez-q8y,1,1,1,False,0
UCOY3XpD9qMCRSA8AA8c4CAw,autor,,,,,,,,,7,1,1,0.0,0.12357371063441351,False,0,@franciscorodas9686,1.0,1.0,/@franciscorodas9686,1,1,1,False,0
UCOcUI5XkTYNMSFhZNMIPpGg,autor,,,,,,,,,1,1,1,0.0,0.17422779922779924,False,0,@hendersonlopez3864,1.0,1.0,/@hendersonlopez3864,1,1,1,False,0
UCOh6DaZC_x9HASnlRylEMfw,autor,,,,,,,,,0,1,1,0.0,0.22186561048893746,False,0,@AndresMedina-v1s,1.0,1.0,/@AndresMedina-v1s,1,1,1,False,0
UCPLW0HE3siElqCgXfgWxMqg,autor,,,,,,,,,12,1,1,0.0,0.002857142857142857,False,0,@elizabethmonterroso7719,1.0,1.0,/@elizabethmonterroso7719,1,1,1,False,0
UCPNXmbOBVeC4HS-xemvcPtQ,autor,,,,,,,,,5,1,1,0.0,0.026448979591836733,False,0,@BelkisRodriguezRamirez,1.0,1.0,/@BelkisRodriguezRamirez,1,1,1,False,0
UCPZueDLrCS4BmTBRMA4q0fA,autor,,,,,,,,,4,1,1,0.0,0.170640756302521,False,0,@kevinochoa3695,1.0,1.0,/@kevinochoa3695,1,1,1,False,0
UCQIdKuZ-OzuFqy0KjGrgesg,autor,,,,,,,,,10,1,1,0.0,0.005142857142857143,False,0,@lyacausa,1.0,1.0,/@lyacausa,1,1,1,False,0
UCQM2tCKRRytVDRxNUfCDqQQ,autor,,,,,,,,,14,1,1,0.0,0.002857142857142857,False,0,@elioelias7267,1.0,1.0,/@elioelias7267,1,1,1,False,0
UCQMMuADgqWUOcJpLwHOzC-g,autor,,,,,,,,,5,1,1,0.0,0.026448979591836733,False,0,@Ripped-Yoda,1.0,1.0,/@Ripped-Yoda,1,1,1,False,0
UCQ_-LPP8JAbfkc-b1Q6NvWw,autor,,,,,,,,,0,1,2,0.0,0.22186561048893746,False,0,@MegaKristenstewart,1.0,2.0,/@MegaKristenstewart,1,1,2,True,1
UCQgYjVngJRfPHDLGB5X6ZjA,autor,,,,,,,,,0,1,1,0.0,0.22186561048893746,False,0,@oscarnavas9996,1.0,1.0,/@oscarnavas9996,1,1,1,False,0
UCQqetiwzzmRNTM5OWuXarGQ,autor,,,,,,,,,0,1,1,0.0,0.22186561048893746,False,0,@isaiaslopezvelasquez1539,1.0,1.0,/@isaiaslopezvelasquez1539,1,1,1,False,0
UCQqlPPUGqAfWjd-FSh_qn7Q,autor,,,,,,,,,1,1,1,0.0,0.17422779922779924,False,0,@estuardoargueta137,1.0,1.0,/@estuardoargueta137,1,1,1,False,0
UCQtICyzWmhC5woCtbNgaSmg,autor,,,,,,,,,0,1,2,0.0,0.22186561048893746,False,0,@nestormendez6216,1.0,2.0,/@nestormendez6216,1,1,2,True,1
UCQtSFINs1h6GHkpg9o5kMvg,autor,,,,,,,,,0,1,1,0.0,0.22186561048893746,False,0,@MacarioMartinezruiz,1.0,1.0,/@MacarioMartinezruiz,1,1,1,False,0
UCQyOePccUP-fIJYzchAgZYw,autor,,,,,,,,,1,1,1,0.0,0.17422779922779924,False,0,@aguilar4254,1.0,1.0,/@aguilar4254,1,1,1,False,0
UCRAquv8el-tQ30bN7MlmySQ,autor,,,,,,,,,1,1,1,0.0,0.17422779922779924,False,0,@iamjimalesssa,1.0,1.0,/@iamjimalesssa,1,1,1,False,0
UCRETAiYdh2dL5ZxB0_N1zDA,autor,,,,,,,,,0,1,1,0.0,0.22186561048893746,False,0,@Joseroland21,1.0,1.0,/@Joseroland21,1,1,1,False,0
UCRcSR3Lvn9DZAmJpVPANfZQ,autor,,,,,,,,,3,1,1,0.0,0.03644314868804665,False,0,@WalksandSuch,1.0,1.0,/@WalksandSuch,1,1,1,False,0
UCRelkU8JiZBytTzebJxaa-w,autor,,,,,,,,,0,1,1,0.0,0.22186561048893746,False,0,@danyraymundo2942,1.0,1.0,/@danyraymundo2942,1,1,1,False,0
UCRfkkatKrNtAARnXMMYBGlA,autor,,,,,,,,,2,1,1,0.0,0.1326122448979592,False,0,@BernerSoza-mg3vx,1.0,1.0,/@BernerSoza-mg3vx,1,1,1,False,0
UCRlCV9zSn7avAWh-9_XFWqQ,autor,,,,,,,,,0,1,1,0.0,0.22186561048893746,False,0,@ronyarana8849,1.0,1.0,/@ronyarana8849,1,1,1,False,0
UCRvPToDkkumha7WJAfCDk1A,autor,,,,,,,,,1,1,1,0.0,0.17422779922779924,False,0,@ligiaguerra3057,1.0,1.0,/@ligiaguerra3057,1,1,1,False,0
UCRznz9-N3Qc1w-qNdLSIY2Q,autor,,,,,,,,,3,1,1,0.0,0.03644314868804665,False,0,@jimmygomez724,1.0,1.0,/@jimmygomez724,1,1,1,False,0
UCSTAUWVc1_82DHYeqOsqEFA,autor,,,,,,,,,3,1,1,0.0,0.03644314868804665,False,0,@TheAlexX_C,1.0,1.0,/@TheAlexX_C,1,1,1,False,0
UCSou6a2OuYGSvPjm5psquyA,autor,,,,,,,,,0,1,1,0.0,0.22186561048893746,False,0,@FranciscoRivera-sf7ne,1.0,1.0,/@FranciscoRivera-sf7ne,1,1,1,False,0
UCTD6q1nyIe3Y7HhqjaMj72w,autor,,,,,,,,,0,1,1,0.0,0.22186561048893746,False,0,@JuanChang-r6k,1.0,1.0,/@JuanChang-r6k,1,1,1,False,0
UCTP3O0rMnc8z8v8jaDQwL0w,autor,,,,,,,,,0,1,1,0.0,0.22186561048893746,False,0,@RobertoZelaya-x1v,1.0,1.0,/@RobertoZelaya-x1v,1,1,1,False,0
UCTTILH6QCIxbTnEWxwRqs1g,autor,,,,,,,,,7,1,1,0.0,0.12357371063441351,False,0,@3762Jorge,1.0,1.0,/@3762Jorge,1,1,1,False,0
UCThW2XNsAaBKme5PUt7n-Zg,autor,,,,,,,,,0,1,1,0.0,0.22186561048893746,False,0,@thelmamoran8565,1.0,1.0,/@thelmamoran8565,1,1,1,False,0
UCTwSut16JyAg3mX6LVUNGqA,autor,,,,,,,,,0,1,1,0.0,0.22186561048893746,False,0,@SuperVictor2005,1.0,1.0,/@SuperVictor2005,1,1,1,False,0
UCTylKrsqkrBKIqubMu_5N0Q,autor,,,,,,,,,0,1,1,0.0,0.22186561048893746,False,0,@edwingeovanymarroquinmarro6684,1.0,1.0,/@edwingeovanymarroquinmarro6684,1,1,1,False,0
UCUIIIPTVDVHAXqhC_5V6lPA,autor,,,,,,,,,0,1,1,0.0,0.22186561048893746,False,0,@gorrarota,1.0,1.0,/@gorrarota,1,1,1,False,0
UCUoYsrx1oZnCZ0usbBJn4fA,autor,,,,,,,,,1,1,1,0.0,0.17422779922779924,False,0,@AnaDiaz-re9sq,1.0,1.0,/@AnaDiaz-re9sq,1,1,1,False,0
UCV0iizTBoOfdAFX_thfI9BA,autor,,,,,,,,,0,1,1,0.0,0.22186561048893746,False,0,@BenjaminLarios-jd8nk,1.0,1.0,/@BenjaminLarios-jd8nk,1,1,1,False,0
UCV0lM03g5fg5pbPj97-sAtA,autor,,,,,,,,,1,1,1,0.0,0.17422779922779924,False,0,@genarodelgado3929,1.0,1.0,/@genarodelgado3929,1,1,1,False,0
UCV3fr-YOixFKCZBbJP1-X4w,autor,,,,,,,,,2,1,5,0.0,0.1326122448979592,False,0,@albertoshernandez5251,1.0,5.0,/@albertoshernandez5251,1,1,5,True,4
UCVC2QugcI1G4RvlCiUqd1aQ,autor,,,,,,,,,7,1,2,0.0,0.16792433326442008,False,0,@rwdm76,1.0,2.0,/@rwdm76,1,1,2,True,1
UCVQf0tzL7xRzFJsABVVULpg,autor,,,,,,,,,4,1,1,0.0,0.170640756302521,False,0,@DennisseLopetegi,1.0,1.0,/@DennisseLopetegi,1,1,1,False,0
UCVdjCrh4tQoX3haNAZv-n5A,autor,,,,,,,,,5,1,1,0.0,0.026448979591836733,False,0,@aurahernandez5646,1.0,1.0,/@aurahernandez5646,1,1,1,False,0
UCVhif9eV0f8plICen2DnpKA,autor,,,,,,,,,7,1,1,0.0,0.12227156405238597,False,0,@blogarteplus,1.0,1.0,/@blogarteplus,1,1,1,False,0
UCW-JC6lebVmf2P1dmY_L94g,autor,,,,,,,,,1,1,1,0.0,0.17422779922779924,False,0,@dinoraoroxon5771,1.0,1.0,/@dinoraoroxon5771,1,1,1,False,0
UCW80DaMjQlEUibC98Cot-Dg,autor,,,,,,,,,1,1,1,0.0,0.17422779922779924,False,0,@rogeraldana4289,1.0,1.0,/@rogeraldana4289,1,1,1,False,0
UCWIZUtKJ636y-4TYrNvok0g,autor,,,,,,,,,0,1,1,0.0,0.22186561048893746,False,0,@cesarandreas7824,1.0,1.0,/@cesarandreas7824,1,1,1,False,0
UCWWkebAekppaL5b5CNlppuw,autor,,,,,,,,,10,1,1,0.0,0.005142857142857143,False,0,@ninettmartinez425,1.0,1.0,/@ninettmartinez425,1,1,1,False,0
UCWaRixDdpgllTBf4V0jPnKQ,autor,,,,,,,,,2,1,2,0.0,0.1326122448979592,False,0,@hectormaaz5523,1.0,2.0,/@hectormaaz5523,1,1,2,True,1
UCWoAVGVqCn4xtINCMOTM4jg,autor,,,,,,,,,1,1,1,0.0,0.17422779922779924,False,0,@OmarMartinez-vv8re,1.0,1.0,/@OmarMartinez-vv8re,1,1,1,False,0
UCWvntqPQx99k_Z_skWKqNSA,autor,,,,,,,,,2,1,1,0.0,0.1326122448979592,False,0,@AntonioChiyal-x5s,1.0,1.0,/@AntonioChiyal-x5s,1,1,1,False,0
UCXN2s7DwTJm33xO-pNkAdaA,autor,,,,,,,,,6,1,1,0.0,0.10232426303854876,False,0,@edithsan7688,1.0,1.0,/@edithsan7688,1,1,1,False,0
UCXO1BBohNWXkK9SBDAG2ySg,autor,,,,,,,,,7,1,1,0.0,0.12357371063441351,False,0,@JBFlute92,1.0,1.0,/@JBFlute92,1,1,1,False,0
UCXSkL3ejZ8qWYyF_M7s_QKA,autor,,,,,,,,,0,1,1,0.0,0.22186561048893746,False,0,@JacintaTzoy,1.0,1.0,/@JacintaTzoy,1,1,1,False,0
UCXVLc8CmAO813ubM-fLvCDw,autor,,,,,,,,,7,1,1,0.0,0.12357371063441351,False,0,@herminiasaquimux7565,1.0,1.0,/@herminiasaquimux7565,1,1,1,False,0
UCXXh7yg5KUFIWylTiKVEFKQ,autor,,,,,,,,,0,1,2,0.0,0.22186561048893746,False,0,@MrDuenderojo,1.0,2.0,/@MrDuenderojo,1,1,2,True,1
UCXgr7vXlRrsaskPdo097kGA,autor,,,,,,,,,0,1,1,0.0,0.22186561048893746,False,0,@Rogergh-nw4oj,1.0,1.0,/@Rogergh-nw4oj,1,1,1,False,0
UCXl30Y_upRqbti52fmjK4YA,autor,,,,,,,,,7,1,1,0.0,0.12357371063441351,False,0,@capitanfrans,1.0,1.0,/@capitanfrans,1,1,1,False,0
UCXmrpc6Li0spcKxtS0Q_ptg,autor,,,,,,,,,3,1,1,0.0,0.03644314868804665,False,0,@melvinperez6710,1.0,1.0,/@melvinperez6710,1,1,1,False,0
UCXr8_5WtGeipe4haOoQDgyQ,autor,,,,,,,,,0,1,1,0.0,0.22186561048893746,False,0,@amyherrera7352,1.0,1.0,/@amyherrera7352,1,1,1,False,0
UCY7Hq7F9Lnucf-Yr6JkHZNw,autor,,,,,,,,,3,1,1,0.0,0.03644314868804665,False,0,@maynorcalel1442,1.0,1.0,/@maynorcalel1442,1,1,1,False,0
UCYN4wSQ1Sx4_LurxLlW7MPg,autor,,,,,,,,,0,1,1,0.0,0.22186561048893746,False,0,@belarminavillatoro6474,1.0,1.0,/@belarminavillatoro6474,1,1,1,False,0
UCYwpX26TrCxq8TvbKGRYLXA,autor,,,,,,,,,0,1,1,0.0,0.22186561048893746,False,0,@beneficioelcaminovillacana8540,1.0,1.0,/@beneficioelcaminovillacana8540,1,1,1,False,0
UCZ51R_9Q9C0c8I3pAWhtmjQ,autor,,,,,,,,,0,1,1,0.0,0.22186561048893746,False,0,@belvettzapeta1251,1.0,1.0,/@belvettzapeta1251,1,1,1,False,0
UCZFQwqh90apuL8eFhvRBkUg,autor,,,,,,,,,2,1,1,0.0,0.1326122448979592,False,0,@luisricardo9671,1.0,1.0,/@luisricardo9671,1,1,1,False,0
UCZIQnb1fkwe39Iw2TAu-bGA,autor,,,,,,,,,7,1,1,0.0,0.12227156405238597,False,0,@jorgegomez2237,1.0,1.0,/@jorgegomez2237,1,1,1,False,0
UCZLG9qH0tUjNhEGFIUt0CYw,autor,,,,,,,,,0,1,1,0.0,0.22186561048893746,False,0,@SoniaMarroquin-y6e,1.0,1.0,/@SoniaMarroquin-y6e,1,1,1,False,0
UCZOmq6MwFDVoCaEl99BRRaw,autor,,,,,,,,,7,1,1,0.0,0.16792433326442008,False,0,@daniloarevalo3170,1.0,1.0,/@daniloarevalo3170,1,1,1,False,0
UCZeIIQrGAedW8tCbKWmGY-A,autor,,,,,,,,,1,1,1,0.0,0.17422779922779924,False,0,@mariocordon8873,1.0,1.0,/@mariocordon8873,1,1,1,False,0
UCZjm6U576nX8WOiLhmMR3bw,autor,,,,,,,,,5,1,1,0.0,0.026448979591836733,False,0,@MariaNavarroYT,1.0,1.0,/@MariaNavarroYT,1,1,1,False,0
UC_3xuTXvMIWU5MYP9HkJ3vQ,autor,,,,,,,,,6,1,1,0.0,0.10232426303854876,False,0,@Historia-wm4os,1.0,1.0,/@Historia-wm4os,1,1,1,False,0
UC_6KbBY1bsYXz9fwFS0eQRg,autor,,,,,,,,,7,1,1,0.0,0.16792433326442008,False,0,@imrcp5694,1.0,1.0,/@imrcp5694,1,1,1,False,0
UC_LYoGs5C3mbZKZuKuqYCvw,autor,,,,,,,,,1,1,1,0.0,0.17422779922779924,False,0,@javiercifuentesarchila6041,1.0,1.0,/@javiercifuentesarchila6041,1,1,1,False,0
UC_NRVt2UP88ZNTwzrZ66JSg,autor,,,,,,,,,13,1,1,0.0,0.002857142857142857,False,0,@aditalissethevasquezrojas8039,1.0,1.0,/@aditalissethevasquezrojas8039,1,1,1,False,0
UC_ljZ1hZXR9pzexFz87P5ZA,autor,,,,,,,,,3,1,1,0.0,0.03644314868804665,False,0,@ChRiStOpHeR7969,1.0,1.0,/@ChRiStOpHeR7969,1,1,1,False,0
UCa36MjQLoPAmgJo-R3G8WQA,autor,,,,,,,,,2,1,1,0.0,0.1326122448979592,False,0,@elsasalguero6914,1.0,1.0,/@elsasalguero6914,1,1,1,False,0
UCaKAjTW9MVub_clgr4DRYjQ,autor,,,,,,,,,1,1,1,0.0,0.17422779922779924,False,0,@josecastillo4390,1.0,1.0,/@josecastillo4390,1,1,1,False,0
UCaT4saRcyqCLE657Rq2hhZQ,autor,,,,,,,,,2,1,1,0.0,0.1326122448979592,False,0,@elmilenial4064,1.0,1.0,/@elmilenial4064,1,1,1,False,0
UCaT6M2zp7X6r6Whd8Vv3kHQ,autor,,,,,,,,,3,1,1,0.0,0.03644314868804665,False,0,@alexarcos8349,1.0,1.0,/@alexarcos8349,1,1,1,False,0
UCat2qkYvqmtDNEmo2PVuhXw,autor,,,,,,,,,5,1,1,0.0,0.026448979591836733,False,0,@DoraSalas-j5o,1.0,1.0,/@DoraSalas-j5o,1,1,1,False,0
UCbNanjFI51cwGqMAb2rOrBw,autor,,,,,,,,,5,1,1,0.0,0.026448979591836733,False,0,@RosaMontesdeOca777,1.0,1.0,/@RosaMontesdeOca777,1,1,1,False,0
UCbYoNG5J3Au5BqtbXogfEFw,autor,,,,,,,,,4,1,1,0.0,0.170640756302521,False,0,@Luis-gn3fj,1.0,1.0,/@Luis-gn3fj,1,1,1,False,0
UCcFIBN-rtC3d3hXeuN5TfWw,autor,,,,,,,,,7,1,1,0.0,0.12357371063441351,False,0,@DenisRMC,1.0,1.0,/@DenisRMC,1,1,1,False,0
UCc_F88PzGWtA1OPNUEASulA,autor,,,,,,,,,7,1,1,0.0,0.12357371063441351,False,0,@rockyscarlet,1.0,1.0,/@rockyscarlet,1,1,1,False,0
UCcfdg8crmMJwEuLUsAhV7yg,autor,,,,,,,,,0,1,1,0.0,0.22186561048893746,False,0,@RolandoRaguay,1.0,1.0,/@RolandoRaguay,1,1,1,False,0
UCdQAuWwyC99MB7Y02Umj26Q,autor,,,,,,,,,7,1,1,0.0,0.12357371063441351,False,0,@miguelbran1268,1.0,1.0,/@miguelbran1268,1,1,1,False,0
UCe8JZoYkX5oKUZyivHYdXhw,autor,,,,,,,,,1,1,1,0.0,0.17422779922779924,False,0,@FernandoGarcia-jg1fj,1.0,1.0,/@FernandoGarcia-jg1fj,1,1,1,False,0
UCeDNEtI8_a42bZ47wJiJMwQ,autor,,,,,,,,,1,1,1,0.0,0.17422779922779924,False,0,@EdgarcalderonCalderong,1.0,1.0,/@EdgarcalderonCalderong,1,1,1,False,0
UCeQk-WfEA-cJRq4EKeE7TOw,autor,,,,,,,,,2,1,1,0.0,0.1326122448979592,False,0,@franciscojuarez9223,1.0,1.0,/@franciscojuarez9223,1,1,1,False,0
UCefAH1MbvADWUjE9WVcB9EQ,autor,,,,,,,,,7,1,1,0.0,0.12357371063441351,False,0,@jabriz8152,1.0,1.0,/@jabriz8152,1,1,1,False,0
UCf5lnNZF7Qrtli9v4N_23WQ,autor,,,,,,,,,4,1,1,0.0,0.170640756302521,False,0,@CarlosCortez-v5r,1.0,1.0,/@CarlosCortez-v5r,1,1,1,False,0
UCfM3nrxtTQMY5jFx1v1J4Gg,autor,,,,,,,,,0,1,1,0.0,0.22186561048893746,False,0,@edgarroldan5539,1.0,1.0,/@edgarroldan5539,1,1,1,False,0
UCfRqgt2O-vjzUDMZY_tnxQw,autor,,,,,,,,,15,1,1,0.0,0.12383747522488185,False,0,@Williams-Garcia67E,1.0,1.0,/@Williams-Garcia67E,1,1,1,False,0
UCfXykdbSU97rj987LDUGfvg,autor,,,,,,,,,6,1,1,0.0,0.10232426303854876,False,0,@MariaSantos-c8y3h,1.0,1.0,/@MariaSantos-c8y3h,1,1,1,False,0
UCfjhejO7LZy4doXURa7LZCQ,autor,,,,,,,,,6,1,1,0.0,0.10232426303854876,False,0,@HonwayLee-z5g,1.0,1.0,/@HonwayLee-z5g,1,1,1,False,0
UCfo_yUPzy1f1POwwZxhZ06Q,autor,,,,,,,,,2,1,1,0.0,0.1326122448979592,False,0,@lara11roberto,1.0,1.0,/@lara11roberto,1,1,1,False,0
UCg3eIfd7BrsLEqS0BLkftHA,autor,,,,,,,,,4,1,3,0.0,0.170640756302521,False,0,@ErmePérez-q4s,1.0,3.0,/@ErmeP%C3%A9rez-q4s,1,1,3,True,2
UCgGqw4aqMdMVSGkKiMgrJRQ,autor,,,,,,,,,2,1,1,0.0,0.1326122448979592,False,0,@pattyfigueroa5609,1.0,1.0,/@pattyfigueroa5609,1,1,1,False,0
UCgJNFj5dnxXpcMvmuhZDPxA,autor,,,,,,,,,1,1,1,0.0,0.17422779922779924,False,0,@NataliaRodriguez-rx5mr,1.0,1.0,/@NataliaRodriguez-rx5mr,1,1,1,False,0
UCgLrWFdYitoP-b7-PxtUr-w,autor,,,,,,,,,3,1,1,0.0,0.03644314868804665,False,0,@zetag,1.0,1.0,/@zetag,1,1,1,False,0
UCgLurCo-e019HGODcjXHWCw,autor,,,,,,,,,3,1,1,0.0,0.03644314868804665,False,0,@perritojuega1,1.0,1.0,/@perritojuega1,1,1,1,False,0
UCgQJgI9vu1FI2dnC9mrFthw,autor,,,,,,,,,4,1,1,0.0,0.170640756302521,False,0,@srms70,1.0,1.0,/@srms70,1,1,1,False,0
UCgQw_Sbq3ugruDUKsq1e0-A,autor,,,,,,,,,1,1,1,0.0,0.17422779922779924,False,0,@marlenareano-h4t,1.0,1.0,/@marlenareano-h4t,1,1,1,False,0
UCgvw7xIdGFupzpt1Y_BFkEA,autor,,,,,,,,,0,1,1,0.0,0.22186561048893746,False,0,@fredygarcia9151,1.0,1.0,/@fredygarcia9151,1,1,1,False,0
UCh5ESQvtzyHDhCA7XyekCFA,autor,,,,,,,,,0,1,3,0.0,0.22186561048893746,False,0,@andyB5280,1.0,3.0,/@andyB5280,1,1,3,True,2
UChT7pzGytNd92Nmvi-zuWog,autor,,,,,,,,,7,1,1,0.0,0.12357371063441351,False,0,@sparkvalkov,1.0,1.0,/@sparkvalkov,1,1,1,False,0
UChZknRmJkeGeQk0-mQuhDOg,autor,,,,,,,,,0,1,1,0.0,0.22186561048893746,False,0,@OdilioRodríguez-c5w,1.0,1.0,/@OdilioRodr%C3%ADguez-c5w,1,1,1,False,0
UCheEJ5GZuIvV0fj-nXyVwXw,autor,,,,,,,,,2,1,1,0.0,0.1326122448979592,False,0,@rosaoliva9389,1.0,1.0,/@rosaoliva9389,1,1,1,False,0
UChep9kVb5gQmpodEEl10Xlg,autor,,,,,,,,,0,1,1,0.0,0.22186561048893746,False,0,@carlosaguilar-kz7ml,1.0,1.0,/@carlosaguilar-kz7ml,1,1,1,False,0
UChgkn5Jt5tWKYMoEOuCjz3Q,autor,,,,,,,,,0,1,1,0.0,0.22186561048893746,False,0,@pablochitay46,1.0,1.0,/@pablochitay46,1,1,1,False,0
UChs3tU2BcKOT0CezykvAsGw,autor,,,,,,,,,0,1,3,0.0,0.22186561048893746,False,0,@byronpontaza,1.0,3.0,/@byronpontaza,1,1,3,True,2
UChyps3dqY-VY1_wLeq-2lhw,autor,,,,,,,,,2,1,1,0.0,0.1326122448979592,False,0,@maydamorales4395,1.0,1.0,/@maydamorales4395,1,1,1,False,0
UCi-vPdnpQreC7BkFs40mJGA,autor,,,,,,,,,3,1,1,0.0,0.03644314868804665,False,0,@bryansicasales4280,1.0,1.0,/@bryansicasales4280,1,1,1,False,0
UCi1b_TRQfgO1Z9O2gNGGWNA,autor,,,,,,,,,0,1,2,0.0,0.22186561048893746,False,0,@davidisraelesquitsaquil,1.0,2.0,/@davidisraelesquitsaquil,1,1,2,True,1
UCi2KiZq63sRq8Mfbcp-MelQ,autor,,,,,,,,,5,1,6,0.0,0.026448979591836733,False,0,@eugeneramirez4405,1.0,6.0,/@eugeneramirez4405,1,1,6,True,5
UCiC-Jn7wdgyQV4_Urk0DkWQ,autor,,,,,,,,,1,1,1,0.0,0.17422779922779924,False,0,@pedroros6358,1.0,1.0,/@pedroros6358,1,1,1,False,0
UCiGRBf2RNF0WRKhRVT7zFoA,autor,,,,,,,,,0,1,1,0.0,0.22186561048893746,False,0,@edwinavila4876,1.0,1.0,/@edwinavila4876,1,1,1,False,0
UCiMythXHsw7eQEMykCdmMUA,autor,,,,,,,,,0,1,1,0.0,0.22186561048893746,False,0,@JavierBecerra-h6x,1.0,1.0,/@JavierBecerra-h6x,1,1,1,False,0
UCiOZX__1gahg1ypIj0_XG_w,autor,,,,,,,,,2,1,1,0.0,0.1326122448979592,False,0,@mariogonzalezorellana8956,1.0,1.0,/@mariogonzalezorellana8956,1,1,1,False,0
UCipetjeiWj4CZB6EbyYziZg,autor,,,,,,,,,0,1,1,0.0,0.22186561048893746,False,0,@OseasSamayoa-ol5rz,1.0,1.0,/@OseasSamayoa-ol5rz,1,1,1,False,0
UCj-LL25XJnjxepPKCc3NGog,autor,,,,,,,,,0,1,1,0.0,0.22186561048893746,False,0,@anaaguirre8985,1.0,1.0,/@anaaguirre8985,1,1,1,False,0
UCjJf-AJKRFFWtiN-CSwkDmA,autor,,,,,,,,,7,1,1,0.0,0.16792433326442008,False,0,@2jose82,1.0,1.0,/@2jose82,1,1,1,False,0
UCjSKM9j0Q7HLDr1hD6D-TUw,autor,,,,,,,,,0,1,1,0.0,0.22186561048893746,False,0,@josehidalgo4875,1.0,1.0,/@josehidalgo4875,1,1,1,False,0
UCjmPuazZJzscrwvk0QR9RVw,autor,,,,,,,,,0,1,1,0.0,0.22186561048893746,False,0,@mynorrodas8591,1.0,1.0,/@mynorrodas8591,1,1,1,False,0
UCk4O-J1BhoqPmig1KLGJePA,autor,,,,,,,,,15,1,1,0.0,0.12383747522488185,False,0,@lazarobarillas3575,1.0,1.0,/@lazarobarillas3575,1,1,1,False,0
UCkVtmkK07b2zaVVNssX4lOg,autor,,,,,,,,,1,1,1,0.0,0.17422779922779924,False,0,@HectorElias-u2l,1.0,1.0,/@HectorElias-u2l,1,1,1,False,0
UCkbsS_3D-pvg1iHOld9uvIg,autor,,,,,,,,,1,1,1,0.0,0.17422779922779924,False,0,@gonzalo6075,1.0,1.0,/@gonzalo6075,1,1,1,False,0
UCkd9W714-947dEE6ZOEBATA,autor,,,,,,,,,0,1,2,0.0,0.22186561048893746,False,0,@ARGELIATELON,1.0,2.0,/@ARGELIATELON,1,1,2,True,1
UCkxdJ_yGN2gghOMo2ybQtXQ,autor,,,,,,,,,7,1,1,0.0,0.12357371063441351,False,0,@11223344An,1.0,1.0,/@11223344An,1,1,1,False,0
UCl0ekS9Tt0jJGtOEM18S63w,autor,,,,,,,,,0,1,1,0.0,0.22186561048893746,False,0,@monkchapin,1.0,1.0,/@monkchapin,1,1,1,False,0
UCld2stqxaVSk0QdGncM224A,autor,,,,,,,,,9,1,1,0.0,0.0065306122448979586,False,0,@sarahernandez3873,1.0,1.0,/@sarahernandez3873,1,1,1,False,0
UClhMWQ7XKWywYvbRnuf8QsA,autor,,,,,,,,,1,1,1,0.0,0.17422779922779924,False,0,@EcPerez-zz9oh,1.0,1.0,/@EcPerez-zz9oh,1,1,1,False,0
UCljDbleJul41G1TzOjOZAVA,autor,,,,,,,,,0,1,1,0.0,0.22186561048893746,False,0,@hectorcarranza3777,1.0,1.0,/@hectorcarranza3777,1,1,1,False,0
UClqA491Xa5fQcXcJJa-vTWw,autor,,,,,,,,,1,1,1,0.0,0.17422779922779924,False,0,@AndresLemus-k2d,1.0,1.0,/@AndresLemus-k2d,1,1,1,False,0
UClsrFGJKWPxxw7MiaEdKLXw,autor,,,,,,,,,4,1,1,0.0,0.170640756302521,False,0,@ericapaz5406,1.0,1.0,/@ericapaz5406,1,1,1,False,0
UCmjppp6ujz3SAnULvP3sZMw,autor,,,,,,,,,0,1,1,0.0,0.22186561048893746,False,0,@marcomendez7509,1.0,1.0,/@marcomendez7509,1,1,1,False,0
UCmvOgzmmXbjUthHy-WJ52hQ,autor,,,,,,,,,0,1,1,0.0,0.22186561048893746,False,0,@mariorodas593,1.0,1.0,/@mariorodas593,1,1,1,False,0
UCnU8wO1OurAmGstDw6VGjgQ,autor,,,,,,,,,7,1,1,0.0,0.16792433326442008,False,0,@cmorera21,1.0,1.0,/@cmorera21,1,1,1,False,0
UCoGdCoJg2Lh0OX_jv6cG16g,autor,,,,,,,,,2,1,2,0.0,0.1326122448979592,False,0,@Israel-u5i7i,1.0,2.0,/@Israel-u5i7i,1,1,2,True,1
UColMq7LmaoY3MT6aIDGrGvA,autor,,,,,,,,,1,1,1,0.0,0.17422779922779924,False,0,@quijotachapina1,1.0,1.0,/@quijotachapina1,1,1,1,False,0
UCozFYHN0e_-vlQbX3wQGOug,autor,,,,,,,,,5,1,1,0.0,0.026448979591836733,False,0,@jesusguzman2321,1.0,1.0,/@jesusguzman2321,1,1,1,False,0
UCp29O_C7cchZV8IxV7Crdag,autor,,,,,,,,,2,1,2,0.0,0.1326122448979592,False,0,@robertoescobar5507,1.0,2.0,/@robertoescobar5507,1,1,2,True,1
UCp4iw5_5SmV9VGTFSNVGOmQ,autor,,,,,,,,,0,1,1,0.0,0.22186561048893746,False,0,@CARLOSSTREMS51,1.0,1.0,/@CARLOSSTREMS51,1,1,1,False,0
UCpIdtvoFHVLGASGB5ySqIEA,autor,,,,,,,,,0,1,1,0.0,0.22186561048893746,False,0,@VidalVillatoro-p4w,1.0,1.0,/@VidalVillatoro-p4w,1,1,1,False,0
UCp_dAUfv8i3LW3zWc24dLaQ,autor,,,,,,,,,5,1,1,0.0,0.026448979591836733,False,0,@MarioCortez-o6v,1.0,1.0,/@MarioCortez-o6v,1,1,1,False,0
UCpe5jW3MIqkgTJ-PgkzvM6Q,autor,,,,,,,,,1,1,1,0.0,0.17422779922779924,False,0,@carloslam5333,1.0,1.0,/@carloslam5333,1,1,1,False,0
UCpl8rF8uv_8uui-QRvuJaRA,autor,,,,,,,,,0,1,1,0.0,0.22186561048893746,False,0,@SergioGarcia-z9c,1.0,1.0,/@SergioGarcia-z9c,1,1,1,False,0
UCplrIQtaPj6au60_f2-mOYw,autor,,,,,,,,,0,1,1,0.0,0.22186561048893746,False,0,@romeolopezherrarte799,1.0,1.0,/@romeolopezherrarte799,1,1,1,False,0
UCq3mDTTRZnUybct5M9OSXbg,autor,,,,,,,,,6,1,1,0.0,0.10232426303854876,False,0,@MacoMorales-i2i2d,1.0,1.0,/@MacoMorales-i2i2d,1,1,1,False,0
UCqCrvuoJpC-aVb0f4logQRQ,autor,,,,,,,,,1,1,1,0.0,0.17422779922779924,False,0,@Lyrics_GT,1.0,1.0,/@Lyrics_GT,1,1,1,False,0
UCqilIa8r7iek5sGYg_q6ofA,autor,,,,,,,,,3,1,1,0.0,0.03644314868804665,False,0,@rolandojuchuna484,1.0,1.0,/@rolandojuchuna484,1,1,1,False,0
UCql1n3Ey6ULMSOACjMe-fxQ,autor,,,,,,,,,2,1,1,0.0,0.1326122448979592,False,0,@RolandoGonzalez-o7g,1.0,1.0,/@RolandoGonzalez-o7g,1,1,1,False,0
UCr1emrogPKkKTs_WTtx71xg,autor,,,,,,,,,0,1,1,0.0,0.22186561048893746,False,0,@domingopeneleu6457,1.0,1.0,/@domingopeneleu6457,1,1,1,False,0
UCrJn_rbo_ENAdeqneS-RmRw,autor,,,,,,,,,0,1,2,0.0,0.22186561048893746,False,0,@josecarrera9623,1.0,2.0,/@josecarrera9623,1,1,2,True,1
UCrqXyRsg-_hTosURZ-uvoKg,autor,,,,,,,,,5,1,1,0.0,0.026448979591836733,False,0,@flornolberto2425,1.0,1.0,/@flornolberto2425,1,1,1,False,0
UCsGoJEvb-cFPZ2rWoJcXzEQ,autor,,,,,,,,,1,1,1,0.0,0.17422779922779924,False,0,@sergiohinestroza9709,1.0,1.0,/@sergiohinestroza9709,1,1,1,False,0
UCsJJAvrVGupdmhOqgtDp8dg,autor,,,,,,,,,0,1,1,0.0,0.22186561048893746,False,0,@nestorlorenzana1168,1.0,1.0,/@nestorlorenzana1168,1,1,1,False,0
UCsSXdJct-nsS8DsABoEsaYA,autor,,,,,,,,,0,1,1,0.0,0.22186561048893746,False,0,@IvánPérez-j4j,1.0,1.0,/@Iv%C3%A1nP%C3%A9rez-j4j,1,1,1,False,0
UCs_5qeqdku9tGAq22y3OcuQ,autor,,,,,,,,,3,1,1,0.0,0.03644314868804665,False,0,@alexandrevasquez4135,1.0,1.0,/@alexandrevasquez4135,1,1,1,False,0
UCsjs5Hp_r86x1xbK6FAeqaA,autor,,,,,,,,,0,1,1,0.0,0.22186561048893746,False,0,@alvaroesquivel563,1.0,1.0,/@alvaroesquivel563,1,1,1,False,0
UCtCtts20bW6F9CSohau51Iw,autor,,,,,,,,,2,1,2,0.0,0.1326122448979592,False,0,@carlosgranados9875,1.0,2.0,/@carlosgranados9875,1,1,2,True,1
UCtMBF_1O2jY2INlb_luuB_A,autor,,,,,,,,,3,1,1,0.0,0.03644314868804665,False,0,@mynorgudiel8646,1.0,1.0,/@mynorgudiel8646,1,1,1,False,0
UCtNfIBnc5S5DbbQj_yxgJTw,autor,,,,,,,,,0,1,1,0.0,0.22186561048893746,False,0,@JosueRamirez-ey3ih,1.0,1.0,/@JosueRamirez-ey3ih,1,1,1,False,0
UCtNyHmRZtvGF2hSvI2dUBWw,autor,,,,,,,,,4,1,2,0.0,0.170640756302521,False,0,@aureliomaldonado4793,1.0,2.0,/@aureliomaldonado4793,1,1,2,True,1
UCtUR3_CAiE7fCoZHM6cMfyQ,autor,,,,,,,,,0,1,1,0.0,0.22186561048893746,False,0,@mdelcid01,1.0,1.0,/@mdelcid01,1,1,1,False,0
UCtiHFjFu7d5v2XxHnKFUYig,autor,,,,,,,,,5,1,1,0.0,0.026448979591836733,False,0,@Paul-gf7ec,1.0,1.0,/@Paul-gf7ec,1,1,1,False,0
UCtowGNY2lnlg6O2CkwDgkLg,autor,,,,,,,,,9,1,1,0.0,0.0065306122448979586,False,0,@taniagabrielacelis8434,1.0,1.0,/@taniagabrielacelis8434,1,1,1,False,0
UCtsxPYw8VUsH_FfnKg-0lmw,autor,,,,,,,,,2,1,1,0.0,0.1326122448979592,False,0,@AlejandroPérez-b6r,1.0,1.0,/@AlejandroP%C3%A9rez-b6r,1,1,1,False,0
UCu8_3-Wg-YzNyvHYQDEscfw,autor,,,,,,,,,1,1,1,0.0,0.17422779922779924,False,0,@RolandoCastroPérez-d7y,1.0,1.0,/@RolandoCastroP%C3%A9rez-d7y,1,1,1,False,0
UCuP4UK33HKtJE_S39ksmaTw,autor,,,,,,,,,4,1,1,0.0,0.170640756302521,False,0,@herbertaguilar1387,1.0,1.0,/@herbertaguilar1387,1,1,1,False,0
UCuXmOjxC-htcprLgeVXz6Tg,autor,,,,,,,,,1,1,1,0.0,0.17422779922779924,False,0,@jorgeaguilar-bq3uj,1.0,1.0,/@jorgeaguilar-bq3uj,1,1,1,False,0
UCueV9cTyTDwgQSec1x2dYgA,autor,,,,,,,,,0,1,1,0.0,0.22186561048893746,False,0,@fredydomingo7062,1.0,1.0,/@fredydomingo7062,1,1,1,False,0
UCujPF2nBgsTD62nWE3lcpIg,autor,,,,,,,,,0,1,1,0.0,0.22186561048893746,False,0,@victorarturoruanobautista7588,1.0,1.0,/@victorarturoruanobautista7588,1,1,1,False,0
UCusjriFsDHEc2AOjqk-p5ig,autor,,,,,,,,,4,1,1,0.0,0.170640756302521,False,0,@pablobarrios7931,1.0,1.0,/@pablobarrios7931,1,1,1,False,0
UCut6b9S98nv84cVX89PmKzA,autor,,,,,,,,,0,1,2,0.0,0.22186561048893746,False,0,@yeniferaguirre4498,1.0,2.0,/@yeniferaguirre4498,1,1,2,True,1
UCvApqeCbLod-wejtT4CcVuA,autor,,,,,,,,,0,1,1,0.0,0.22186561048893746,False,0,@davidgaher9550,1.0,1.0,/@davidgaher9550,1,1,1,False,0
UCvDwJBBY1mHK70aTEYl6rsA,autor,,,,,,,,,2,1,1,0.0,0.1326122448979592,False,0,@cristianescobedo8296,1.0,1.0,/@cristianescobedo8296,1,1,1,False,0
UCvl1tzQeBeGy6efPTRJXSCw,autor,,,,,,,,,6,1,1,0.0,0.10232426303854876,False,0,@RaulPerez-cw2vi,1.0,1.0,/@RaulPerez-cw2vi,1,1,1,False,0
UCwCfs-2zbD5k0lG-UVg_JBw,autor,,,,,,,,,6,1,1,0.0,0.10232426303854876,False,0,@JessicaHuaz-96,1.0,1.0,/@JessicaHuaz-96,1,1,1,False,0
UCwEe1RKlEv1UpNWmWYfSh4w,autor,,,,,,,,,7,1,1,0.0,0.12357371063441351,False,0,@marioramirez299,1.0,1.0,/@marioramirez299,1,1,1,False,0
UCwO2SXr0ggzwg6QWWrr01nQ,autor,,,,,,,,,0,1,1,0.0,0.22186561048893746,False,0,@ricardofigueroa5720,1.0,1.0,/@ricardofigueroa5720,1,1,1,False,0
UCwUAv3_LpWVtTIi7lkmTL7A,autor,,,,,,,,,3,1,1,0.0,0.03644314868804665,False,0,@kingr4706,1.0,1.0,/@kingr4706,1,1,1,False,0
UCwW2OFy95P7ZBkOPxWkpvYg,autor,,,,,,,,,0,1,2,0.0,0.22186561048893746,False,0,@TeresaLucero-b5o,1.0,2.0,/@TeresaLucero-b5o,1,1,2,True,1
UCwgCc9Jd_gG-uLE_SY-FfPg,autor,,,,,,,,,1,1,1,0.0,0.17422779922779924,False,0,@armindapenados2841,1.0,1.0,/@armindapenados2841,1,1,1,False,0
UCwha8rxULYMVtNwZWeSkE1A,autor,,,,,,,,,0,1,1,0.0,0.22186561048893746,False,0,@mariasamo8637,1.0,1.0,/@mariasamo8637,1,1,1,False,0
UCwjUvRseNtJoItylIyIez7Q,autor,,,,,,,,,1,1,1,0.0,0.17422779922779924,False,0,@Silviazea,1.0,1.0,/@Silviazea,1,1,1,False,0
UCwxoKK59nGCeBqB2sXfDBIw,autor,,,,,,,,,2,1,1,0.0,0.1326122448979592,False,0,@vic-bonivideos,1.0,1.0,/@vic-bonivideos,1,1,1,False,0
UCxKR3RA8T-kxMgq_2WWhRcQ,autor,,,,,,,,,3,1,1,0.0,0.03644314868804665,False,0,@elenaluarca9377,1.0,1.0,/@elenaluarca9377,1,1,1,False,0
UCxcoDvP-g2_KTZDmVZtvb3w,autor,,,,,,,,,7,1,1,0.0,0.12357371063441351,False,0,@angelmartinez9523,1.0,1.0,/@angelmartinez9523,1,1,1,False,0
UCxff05WuyvwELNITi7bj7UA,autor,,,,,,,,,0,1,1,0.0,0.22186561048893746,False,0,@markoherrera,1.0,1.0,/@markoherrera,1,1,1,False,0
UCxhtlxPV8AYWaNNyU6S9H8Q,autor,,,,,,,,,5,1,1,0.0,0.026448979591836733,False,0,@WilR-s8r,1.0,1.0,/@WilR-s8r,1,1,1,False,0
UCyJhqmMbsvjpoarBBStA2kg,autor,,,,,,,,,2,1,6,0.0,0.1326122448979592,False,0,@Murmullodelbarrio,1.0,6.0,/@Murmullodelbarrio,1,1,6,True,5
UCySYJU5kUh7X8gVt9la2ISA,autor,,,,,,,,,0,1,1,0.0,0.22186561048893746,False,0,@dantesarti4351,1.0,1.0,/@dantesarti4351,1,1,1,False,0
UCyW68EGZey4ao_Vf2cR5Ztg,autor,,,,,,,,,7,1,1,0.0,0.12227156405238597,False,0,@ZabalaXabier,1.0,1.0,/@ZabalaXabier,1,1,1,False,0
UCyor0Mmm0ivLX2jIdyGp84Q,autor,,,,,,,,,11,1,1,0.0,0.0038095238095238095,False,0,@MiguelJordan-n3g,1.0,1.0,/@MiguelJordan-n3g,1,1,1,False,0
UCyzf29IYjNw67gGIfsjgtxA,autor,,,,,,,,,3,1,1,0.0,0.03644314868804665,False,0,@carlosoliva9249,1.0,1.0,/@carlosoliva9249,1,1,1,False,0
UCz3gu01bmjNv0DpRq-K3XYg,autor,,,,,,,,,0,1,2,0.0,0.22186561048893746,False,0,@eusebiovasquez4385,1.0,2.0,/@eusebiovasquez4385,1,1,2,True,1
UCzSfZlOVxBSs5ObD25ywxDQ,autor,,,,,,,,,0,1,1,0.0,0.22186561048893746,False,0,@GilmarMaldonado-q9m,1.0,1.0,/@GilmarMaldonado-q9m,1,1,1,False,0
UCzoL2l5H5eVlorWGH8AZfAg,autor,,,,,,,,,0,1,1,0.0,0.22186561048893746,False,0,@jor77cas,1.0,1.0,/@jor77cas,1,1,1,False,0
